Name,S,z_abs,a,b_1,b_2,c,x_e,x_p,w,n,x_0,w_50,w_20,tau_peak,tau_int,SNR,chi,Class,Reference 
0003+380,0.547,0.229,0.07,0.158,0.315,0,17.92,0.1,4.062,0,-46.47,0,0,0.056,0,267.876,0.597,0,A18b  
0035+227,0.583,0.096,0.008,3.618,3.433,0.449,43.199,45.003,3.378,0.895,425.947,169.005,183.261,0.021,2.507,548.881,0.065,0,O17  
0105-008,1.26,1.371,0.244,0.139,0.248,0,89.449,0.1,-0.263,0,-26.323,15.332,23.949,0.059,0.987,1561.174,0.072,0,K09b  
0941-080,2.58,0.228,0.018,0.375,14.91,0,29.756,0.1,4.979,0,-501.49,271.151,316.234,0.018,4.929,124.663,0.237,0,O17  
J101301.60+244837.3,0.892,0.95,0.005,0.05,0.23,0,83.426,0.1,34.667,0,-525.438,201.073,243.043,0.005,1.076,1651.321,0.023,0,A19  
J104830.37+353800.8,0.553,0.846,1.219,0.008,0.192,0,216.327,0.1,-85.765,0,-26.071,208.543,409.57,0.03,7.764,597.04,0.271,0,A19  
1142+052,1.01,1.343,0.003,0.362,0.285,0.074,52.754,49.021,13.725,0.998,-15.646,107.432,122.156,0.006,0.562,2066.999,0.014,0,K09b  
1200+045,1.675,1.226,0.004,0.64,0.05,0.194,14.188,20.748,3.296,1.303,-2092.86,18.276,97.686,0.01,0.408,841.837,0.018,0,A18a  
1245-197,8.302,1.275,0.083,0.139,0.155,0.001,36.585,38.423,-2.904,4.236,-6.266,100.362,203.863,0.02,2.586,1292.803,0.008,0,A18a  
1504+377,1,0.673,0,0.337,0.306,3550.72,82.512,81.523,4.339,0.353,334.214,79.96,105.758,0.413,29.84,96.621,2.989,0,C98  
J014652.79-015721.2,1.804,0.959,0.024,0.051,0.026,0,59.03,0.1,10.057,0,39.73,0,0,0.012,0,496.016,0.047,0,A19  
J075756.71+395936.1,0.091,0.066,0.067,0.339,0.122,0,91.009,0.1,2.082,0,-0.761,150.632,240.913,0.036,5.955,216.778,0.16,0,G15-M17  
J080601.51+190614.7,0.142,0.098,1.152e9,0.193,0.017,0,-35.136,0.1,-131.494,0,133.327,220.748,366.912,0.033,8.31,148.952,0.217,0,G15-M17  
J080938.88+345537.2,0.142,0.082,0.009,0.668,1.341,0,80.72,0.1,2.147,0,-213.66,76.776,100.658,0.008,0.653,310.802,0.059,0,G15-M17  
J082133.60+470237.3,1.24,0.128,0.01,4.835,4.541,0,129.971,0.1,1,0,-207.428,37.172,42.595,0.01,0.363,852.284,0.017,0,M17  
J083548.14+151717.0,0.045,0.168,0.157,0.331,1.058,0,115.169,112.987,0.405,8.952,-276.114,58.873,209.356,0.117,9.145,40.04,15.719,0,M17  
J083637.84+440109.6,0.134,0.055,0.043,0.417,0.318,0.032,90.956,90.992,-0.85,4.823,37.597,62.498,181.383,0.016,1.421,370.049,0.132,0,G15-M17  
J084307.11+453742.8,0.331,0.192,7.735e9,0.073,0.593,0,125.576,0.1,-30.925,0,52.382,70.713,113.563,0.278,21.973,310.929,0.3,0,G15-M17  
J090325.54+162256.0,0.048,0.182,0.017,0.707,0.452,2.491,128.719,129.229,1.938,1.676,17.209,118.199,160.788,0.101,8.464,47.025,6.769,0,M17  
J090734.91+325722.9,0.045,0.049,0.023,2.62,0.427,10.11,127.834,126.232,2.616,0.477,16.425,102.47,128.709,0.323,28.772,34.684,11.786,0,M17  
J090937.44+192808.2,0.063,0.028,0.075,0.249,0.873,0.182,95.729,96.231,1.753,2.372,-30.568,106.122,185.032,0.119,14.365,101.039,0.496,0,G15  
J093551.59+612111.3,0.148,0.039,0.074,0.047,0.102,0,90.413,0.1,12.299,0,-74.197,527.342,806.61,0.057,31.856,263.781,0.207,0,G15-M17  
J102053.67+483124.3,0.082,0.053,0.019,0.89,0.867,0.064,90.032,85.982,3.925,1.355,-53.959,126.271,156.028,0.033,3.763,99.28,0.626,0,G15-M17  
J102400.53+511248.1,0.047,0.214,569.267,0.031,0.737,0,157.408,0.1,-40.378,0,-321.02,124.044,239.057,0.08,12.468,60.269,4.514,0,M17  
J102544.22+102230.4,0.093,0.046,0.145,0.861,2.922,0.012,127.055,124.001,1.896,0.427,-15.125,65.187,80.908,0.148,9.651,91.882,1.048,0,M17  
J103932.12+461205.3,0.031,0.186,0.202,0.565,0.597,0,128.596,0.1,1.675,0,13.914,75.19,111.499,0.169,13.3,15.595,9.942,0,M17  
J110017.98+100256.8,0.126,0.036,0.147,0.351,0.273,0.026,124.083,122.619,2.583,3.327,-9.169,100.082,195.363,0.369,46.185,113.409,1.009,0,M17  
J111113.19+284147.0,0.036,0.029,0.125,0.11,0.716,0,133.268,0.1,3.284,0,51.133,149.387,240.749,0.093,15.072,33.055,5.211,0,M17  
J111916.54+623925.7,0.032,0.11,1.68e9,0.384,0.058,0,85.118,0.1,-37.617,0,-91.844,96.812,153.253,0.28,29.866,15.576,16.62,0,M17  
J112030.04+273610.7,0.177,0.113,0.361,0.465,0.554,0,88.576,0.1,0.563,0,-89.214,58.535,90.155,0.156,9.777,259.679,0.368,0,G15-M17  
J112332.04+235047.8,0.143,0.207,0.011,0.874,0.68,0,32.45,32.975,1.559,10.925,-1906.4,33.132,180.289,0.026,1.759,112.452,0.714,0,M17  
J120231.12+163741.8,0.082,0.12,0.328,0.35,0.062,0,74.352,0.1,-5.46,0,-123.367,159.459,273.954,0.036,6.533,79.017,1.035,0,G15-M17  
J122513.09+321401.6,0.051,0.059,0.041,0.677,0.963,0.422,139.15,139.973,2.235,2.347,175.964,51.518,120.752,0.142,9.491,99.05,1.225,0,M17  
J123200.55+331747.6,0.094,0.079,0.009,0.879,0.476,0.729,91.114,91.413,2.893,1.734,-39.897,133.22,165.267,0.034,3.17,351.678,0.118,0,G15-M17  
J123905.13+174457.5,0.066,0.065,0.036,1.236,0.653,0,130.329,0.1,2.113,0,45.241,74.641,99.121,0.035,2.661,84.452,1.196,0,M17  
J124707.32+490017.9,1.14,0.207,0.024,0.244,0.087,0.22,69.204,75.629,-6.808,1.792,-262.929,290.412,404.55,0.001,0.351,2009.654,0.001,0,G15-M17  
J130125.26+291849.5,0.036,0.023,0.007,0.627,1.388,1.284,134.606,137.668,7.547,0.804,84.083,251.861,279.221,0.053,8.672,44.337,1.727,0,M17  
J130556.95+395621.5,0.036,0.153,1.56,7.145,0.424,7.192,54.03,56,-1.15,0.061,-1363.67,13.386,29.323,0.802,13.941,11.842,15.813,0,M17  
J131535.10+620728.4,0.045,0.031,0.07,0.692,0.127,0.049,127.424,130.947,-0.552,3.362,146.905,274.583,331.669,0.058,11.393,67.915,1.247,0,M17  
J131739.20+411545.6,0.246,0.066,2.108e9,0.019,0.398,0,224.735,0.1,-121.927,0,75.942,134.38,241.888,0.022,3.613,735.139,0.029,0,G15-M17  
J132035.40+340821.7,0.097,0.023,0.15,0.193,0.123,0,95.293,0.1,7.525,0,41.807,274.393,399.718,0.135,38.198,253.446,0.324,0,G15-M17  
J132513.37+395553.2,0.037,0.076,0.036,0.797,0.023,0,94.836,0.1,10.983,0,260.909,573.697,973.273,0.027,16.832,51.592,1.208,0,G15-M17  
J133455.94+134431.7,0.026,0.023,0.176,0.929,1.245,0,121.888,0.1,2.093,0,-101.289,70.609,89.639,0.176,12.424,14.745,25.293,0,M17  
J133817.24+481629.7,0.079,0.028,0.013,0.466,2.942,0.005,137.631,138.077,4.26,4.152,132.12,185.079,205.138,0.03,3.762,74.714,1.109,0,M17  
J134035.20+444817.3,0.036,0.065,0.434,0.361,2.389,0,92.404,0.1,0.502,0,-13.573,38.203,64.365,0.249,10.62,111.694,1.214,0,G15-M17  
J134111.14+302241.3,0.039,0.04,0.171,0.215,0.075,0,124.977,0.1,-0.517,0,39.032,197.09,318.785,0.047,10.279,71.594,3.063,0,M17  
J134442.16+555313.5,0.132,0.037,0.067,0.239,0.304,0.005,99.61,104.324,16.199,1.556,90.195,562.21,639.378,0.09,44.382,390.852,0.083,0,G15-M17  
J134649.45+142401.7,0.162,0.022,0.017,0.946,6.985,0,115.73,0.1,1.335,0,-205.957,45.087,57.266,0.017,0.762,150.515,0.264,0,M17  
J135217.88+312646.4,3.53,0.045,0.029,0.314,0.456,0,84.163,81.852,4.313,6.662,-130.463,105.418,223.623,0.057,7.645,5829.725,0.018,0,G15-M17  
J135646.10+102609.0,0.061,0.123,0.059,6.237,1.267,0,137.793,0.1,6.752,0,184.09,250.194,261.609,0.059,14.816,21.264,10.145,0,M17  
J135806.05+214021.1,0.061,0.066,0.023,0.747,0.624,0.519,130.546,131.506,2.432,2.653,24.671,45.62,72.875,0.162,9.724,82.203,1.702,0,M17  
J142210.81+210554.1,0.084,0.191,0.493e9,0.046,0.356,0,134.178,0.1,-48.709,0,-168.21,116.382,186.48,0.033,4.302,148.478,0.334,0,G15-M17  
J143521.67+505122.9,0.141,0.1,0.318,0.591,0.103,0.036,75.775,83.014,-6.428,3.172,-69.643,225.865,300.9,0.008,1.577,321.335,0.112,0,G15-M17  
J144921.58+631614.0,2.5,0.042,0.008,0.059,0.181,0.12,102.638,91.291,-4.547,1.664,27.051,160.325,455.355,0.004,0.864,2399.019,0.002,0,G15-M17  
J150034.56+364845.1,0.061,0.066,3.878e9,0.364,0.05,0,48.087,0.1,-45.536,0,34.592,100.2,159.618,0.163,18.163,123.555,0.836,0,G15-M17  
J150721.87+101844.8,0.403,0.078,0.007,0.239,0.938,0.018,128.985,127.867,2.861,3.422,-15.428,68.066,241.934,0.011,1.404,231.334,0.056,0,M17  
J151319.23+343133.7,0.035,0.127,0.003,0.371,0.448,109.99,129.281,130.564,3.03,0.071,22.981,123.592,174.778,0.299,37.122,30.342,6.717,0,M17  
J152446.01+230723.5,0.041,0.216,0.031,1.062,0.392,0,133.387,134.184,5.103,7.192,119.436,147.459,313.923,0.06,9.582,47.937,2.898,0,M17  
J152922.49+362142.2,0.038,0.099,1.737,0.165,0.093,0,87.701,0.1,-5.682,0,-16.526,188.467,291.389,0.062,12.603,96.205,2.334,0,G15-M17  
J153437.61+251311.4,0.043,0.034,0.988,0.405,0.702,0.249,123.848,126.986,-0.524,0.478,-83.024,44.279,68.887,0.2,9.594,38.04,4.8,0,M17  
J153452.95+290919.8,0.049,0.201,0.006,0.281,1.39,0.088,139.345,144.185,13.816,1.474,142.085,556.791,611.721,0.034,10.919,53.238,1.454,0,M17  
J155902.70+230830.4,0.043,0.193,0.03,5.304,6.144,0,129.962,0.1,11.028,0,41.072,434.017,438.944,0.03,13.141,33.587,2.755,0,M17  
J160246.39+524358.3,0.577,0.106,71.53,0.036,0.162,0.062,120.743,83.752,-36.014,2.066,-202.735,448.433,624.031,0.009,3.361,982.676,0.01,0,G15-M17  
J160332.08+171155.3,0.278,0.034,0.05,0.708,0.714,0.479,93.436,91.249,1.083,0.698,-4.526,46.516,70.037,0.069,3.39,450.742,0.044,0,G15-M17  
J160338.06+155402.5,0.1,0.11,0.07,0.271,0.231,0,93.104,94.01,5.676,4.5,-30.413,348.911,447.286,0.121,31.673,98.432,0.392,0,G15-M17  
J160952.60+133148.0,0.034,0.036,0.037,6.863,0.553,0.104,129.624,129.235,7.63,1.719,40.389,267.235,287.481,0.144,22.235,21.888,16.406,0,M17  
J161217.62+282546.4,0.078,0.053,0.051,0.475,0.616,0,92.911,0.1,1.996,0,-5.693,76.496,112.209,0.045,3.548,133.051,0.528,0,G15-M17  
J161740.53+350015.1,0.141,0.03,0,6.729,1.375,1.29e5,116.327,116.807,3.328,0.631,-200.05,111.317,122.348,0.02,1.399,119.448,0.233,0,M17  
J163804.02+264329.1,0.041,0.065,0.047,0.294,0.39,0.034,130.403,129.427,1.878,3.805,54.594,71.887,246.621,0.098,11.721,48.122,3.625,0,M17  
J163844.80+275439.1,0.032,0.104,0.43,0.502,0.087,0,99.221,0.1,-0.446,0,-427.919,136.493,234.159,0.143,22.247,18.932,20.832,0,M17  
J163956.07+112757.4,0.159,0.079,0.251,0.954,1.089,0,126.38,0.1,1.141,0,-27.121,43.654,63.401,0.226,10.198,59.713,1.156,0,M17  
J170815.25+211117.7,0.034,0.224,0.156,0.376,0.206,0,128.791,0.1,4.197,0,28.331,183.398,268.024,0.14,26.512,31.035,7.751,0,M17  
J091927.61+014603.0,0.183,1.273,0.026,0.034,0.021,0.015,277.171,268.992,9.236,0.946,-2.449,129.994,198.64,0.013,1.785,382.282,0.32,0,D17b  
J152134.17+550857.2 ,0.195,1.07,0.041,0.696,0.076,0.004,255.158,262.361,-0.984,3.167,-2.507,8.312,44.195,0.023,0.437,326.081,0.701,0,D20  
0201+113,0.422,3.388,0.048,1.613,0.534,0,33.108,0.1,1.329,0,-2.837,20.938,31.04,0.043,0.933,164.795,0.495,1,K07  
0235+164,2.12,0.524,7.74e9,0.362,0.016,0,-77.619,0.1,-146.505,0,-46.778,22.424,40.968,0.156,4.29,347.165,2.188,1,K03  
0237-233,6.7,1.672,232.535,7.734,0.257,0,35.367,0.1,-4.702,0,-4.351,1.461,3.016,0.056,0.106,318.013,0.361,1,K09b  
0311+430,5.96,2.289,0.129,0.131,0.029,0,211.759,0.1,-13.446,0,62.13,56.514,94.536,0.01,0.661,1757.133,0.013,1,K13  
0438-436,7.3,2.347,0.321,0.895,0.103,0,20.37,0.1,-6.624,0,21.208,30.921,54.916,0.006,0.202,1216.297,0.007,1,K06  
0458-020 (high z),3,2.039,0.063,0.247,0.266,0.163,58.944,61.272,7.695,1.032,-2.423,27.017,34.561,0.12,2.825,721.455,0.104,1,K03  
0458-020 (low z),2.2,1.561,0.029,0.401,0.318,0.021,114.504,116.365,0.243,4.053,0.718,5.258,9.926,0.024,0.157,958.966,0.114,1,K09b  
0738+313 (high z),2,0.221,0.122,0.085,0.16,0,499.6,0.1,5.061,0,11.691,4.973,7.714,0.078,0.416,2904.017,0.039,1,K01b  
0738+313 (low z),2,0.091,0.471,0.158,0.181,0,66.055,0.1,-0.004,0,9.321,3.953,6.087,0.118,0.501,6993.24,0.037,1,K03  
0801+303,2.07,1.191,0.004,4.654,0.077,0,36.332,0.1,10.238,0,31.156,74.613,102.91,0.004,0.298,1312.054,0.012,1,K09b  
0827+243,0.9,0.525,0.006,0.205,0.34,0.034,51.898,42.009,2.67,1.012,10.971,35.987,55.4,0.006,0.227,1108.11,0.015,1,K01a  
0952+179,1.4,0.238,0.01,0.218,0.25,0,71.532,0.1,8.484,0,2.828,8.678,11.278,0.01,0.089,3730.845,0.017,1,K01a  
1127-145,5.285,0.313,0.096,0.081,0.334,0,62.896,0.1,8.947,0,4.995,40.959,59.843,0.089,3.756,4929.531,0.752,1,K03  
1157+014,0.89,1.944,0.046,5.291,0.367,0,32.167,0.1,2.194,0,6.012,16.858,23.404,0.045,0.774,252.556,0.768,1,K09a  
1229-021,1.65,0.395,0.61e9,0.555,0.072,0,8.22,0.1,-30.538,0,-0.783,17.5,28.021,0.061,1.195,1279.878,0.049,1,K09a  
1243-072,0.48,0.437,89.74,0.242,0.051,0,34.521,0.1,-20.428,0,-0.161,10.59,17.082,0.07,0.829,588.919,1.259,1,K02  
1331+305,19,0.692,2.546e9,0.018,0.096,0,384.765,0.1,-122.927,0,9.026,8.52,13.282,0.144,1.339,3025.573,0.055,1,K03  
1429+400,0.21,0.604,0.143,0.195,0.107,0.01,119.537,122.253,0.421,3.594,-383.773,22.123,26.408,0.194,2.98,171.592,4.955,1,E12  
1430-178,1.05,1.327,0.002,0.038,0.998,0,187.251,0.1,42.632,0,-61.192,37.672,44.893,0.002,0.088,42082.385,0.006,1,K09b  
1621+074,0.142,1.337,0.277,0.182,4.696,0,28.482,0.1,-1.575,0,7.259,15.742,30.654,0.051,0.975,385.076,0.328,1,G09  
1629+120,2.35,0.532,1.803,0.15,0.027,0.053,38.64,72.005,-25.94,1.288,-7.08,10.858,23.314,0.035,0.496,4496.995,0.025,1,K03  
1755+578,0.377,1.97,0.027,3.775,4.258,0,47.077,0.1,0.836,0,160.309,50.967,61.558,0.027,1.402,144.893,0.322,1,K14  
1830-211,10.5,0.886,0.003,0.517,0.298,1.789,21.133,25.419,5.518,1.148,-72.411,215.611,322.826,0.048,11.262,414.327,0.088,1,K03  
1850+402,0.65,1.989,1.022,0.401,0.032,0,154.098,0.1,-13.887,0,127.241,30.278,56.227,0.082,2.991,299.418,1.504,1,K14  
2003-025,3.7,1.411,0.003,1.369,0.567,0.242,63.695,61.489,5.355,0.631,54.334,43.152,49.039,0.005,0.21,2378.203,0.006,1,K09b  
2039+187,1.92,2.192,0.322e9,0.416,0.018,0,-17.33,0.1,-125.944,0,-65.098,13.137,24.14,0.025,0.411,696.253,0.187,1,K13  
2337-011,0.063,1.361,0.355,1.159,1.671,0,40.322,0.1,1.446,0,33.644,5.643,7.357,0.353,1.997,85.556,9.334,1,K09b  
2351+456,1.99,0.78,0.459,0.143,0.073,0,205.838,0.1,6.171,0,6.604,56.366,87.41,0.303,18.281,315.117,0.299,1,D04  
2355-106,0.42,1.173,0.01,0.511,4.109,0,106.424,107.516,0.774,8.519,44.744,4.663,7.263,0.045,0.245,505.466,0.431,1,K09b  
J084957.97+510829.0,0.233,0.312,0.018,0.832,0.7,0.03,237.065,237.848,4.637,3.254,-5.935,6.757,26.376,0.082,0.946,302.085,9.021,1,D17a  
J092136.22+621552.5,1.332,1.104,0.012,5.378,4.944,0.503,257.12,254.782,3.872,0.993,0.655,7.847,14.289,0.048,0.399,365.25,0.607,1,D17b  
J124157.54+633241.6,0.68,0.143,0.002,1.008,0.555,0.261,59.255,59.843,3.762,2.439,-11.084,9.769,39.261,0.014,0.25,1068.227,0.225,1,D17a  
J124355.78+404358.4,0.196,0.017,0.104,0.277,4.637,0.111,46.168,44.065,0.574,4.434,9.378,2.483,4.654,0.439,2.678,250.379,0.542,1,D17a  
J125531.75+181750.9,0.856,0.758,0,0.323,6.854,2535.58,966.391,975.233,14.453,1.37,-1.315,25.089,39.57,0.078,2.109,321.044,0.526,1,D17b  
J132720.97+432627.9,0.647,0.954,0.038,3.763,4.552,0,1118.64,0.1,0.405,0,338.648,1.838,2.515,0.037,0.069,336.622,0.546,1,D17b  
J134224.31+511012.4,0.157,1.488,0.066,0.11,0.387,0,234.553,0.1,12.428,0,3.201,53.767,68.766,0.066,3.543,143.385,2.677,1,D17b  
J142846.41+210336.6,0.137,0.394,0.597e6,0.341,0.745,0.056,236.719,233.156,-5.341,6.767,3.957,10.107,16.845,0.25,2.3,258.821,0.929,1,D17c  
J143806.79+175805.4,0.053,0.147,0.314,0.208,0.387,0,249.837,0.1,3.985,0,-3.108,17.199,25.277,0.277,4.951,70.167,10.427,1,D17a  
J144304.53+021419.3,0.163,0.372,5.226e9,0.09,0.556,0,274.913,0.1,-24.985,0,0.228,8.428,13.278,0.334,3.088,438.749,0.423,1,D17a  
J163956.35+112758.7,0.155,0.079,0.481,0.21,0.136,0.02,238.244,253.009,13.134,0.985,-1.4,23.008,30.306,0.661,15.045,305.535,13.051,1,D17a  
J221930.79+022945.4,0.2,0.981,0.289,0.222,0.222,0.089,573.187,572.297,-1.562,3.562,4.283,11.094,36.077,0.251,3.946,104.312,4.987,1,D17b  
1331+170,0.62,1.776,0.053e9,0.011,0.053,0,307.951,0.1,-192.536,0,2.753,24.369,37.928,0.035,0.92,917.834,0.466,1,K09a  
J004125.98-014324.6,0.215,0.018,0.066,0.519,0.44,0.036,228.776,229.988,2.034,1.008,-1.854,8.359,12.395,0.058,0.501,258.145,1.029,1,D17a  
J155121.13+071357.7,0.058,0.329,0.268,9.502,0.536,0,230.31,0.1,0.271,0,0.763,2.768,5.027,0.162,0.512,92.546,3.822,1,D17c   


